OUT,21,49,22,23,50,185,24,194,48,18,A96,13,189,11,A99,A88,184,A98,187,2,1,10,181,182
ASV_1,336,1048,327,564,448,249,343,590,398,362,174,556,390,388,175,543,346,205,315,186,221,91,231,179
ASV_2,111,46,62,40,0,0,5,0,89,25,22,194,77,68,33,53,0,38,27,0,0,43,27,21
ASV_3,177,346,182,164,98,0,109,167,128,14,3,0,0,36,147,49,0,2,0,0,0,0,0,34
ASV_4,5082,1525,3456,2707,1925,572,2374,2729,2907,1480,241,2555,2912,1707,502,1354,1006,689,554,596,181,407,337,858
ASV_5,1568,700,674,685,530,0,834,1188,1114,1431,305,1591,1782,1080,650,1320,0,721,99,66,0,0,124,62
ASV_6,0,301,0,0,412,2,0,2,566,344,0,480,534,508,76,182,0,2,41,96,82,94,97,65
ASV_7,1768,791,963,567,353,425,280,286,173,101,103,127,124,105,90,115,130,47,47,48,0,0,0,0
ASV_8,98,36,123,98,36,17,467,159,33,26,145,186,34,20,64,81,105,347,186,160,168,34,319,116
ASV_9,357,126,383,285,180,339,1369,479,177,142,417,580,136,47,225,224,355,847,304,136,182,103,188,69
ASV_10,1494,1352,1915,1353,1988,2067,1277,2340,1224,1022,1815,1684,1828,1106,1319,1767,1874,1165,1044,2035,964,688,2179,1034
ASV_11,153,151,133,160,101,237,83,187,133,124,0,126,136,87,6,0,328,0,230,100,0,152,179,93
ASV_12,0,53,0,4,22,113,0,0,0,371,516,571,708,537,865,457,294,895,1652,1495,1023,1515,868,1054
ASV_13,402,160,347,344,218,0,172,734,423,216,89,351,258,137,123,101,15,148,0,12,0,0,27,0
ASV_14,96,0,147,43,3,108,361,43,2,0,110,0,141,145,302,0,170,202,79,86,20,30,24,173
ASV_15,0,0,65,79,65,0,193,24,0,68,49,0,59,77,176,0,0,91,0,0,0,0,0,0
ASV_16,113,314,143,170,118,11,96,157,149,113,201,524,538,203,190,213,0,176,12,52,56,20,0,0
ASV_17,0,0,0,0,0,344,0,0,0,0,0,0,0,60,0,0,194,0,470,164,388,230,122,184
ASV_18,292,252,98,65,23,1604,210,218,75,72,238,111,0,393,434,265,1451,316,1105,959,798,1242,1143,1258
ASV_19,274,63,109,143,77,0,88,89,55,102,125,115,82,87,132,90,0,162,111,106,54,119,0,36
ASV_20,0,0,0,0,0,125,6,0,2,160,162,168,126,106,617,169,193,93,581,82,43,178,88,124
ASV_21,137,0,128,0,264,0,0,122,632,162,242,324,197,132,146,224,0,0,0,0,0,16,0,0
ASV_22,0,4,0,9,0,95,0,0,0,94,0,17,638,66,0,164,187,0,10,84,0,121,6,99
ASV_23,79,0,0,0,9,54,81,0,0,65,85,97,0,91,154,68,94,126,141,156,152,255,117,116
ASV_24,53,76,116,0,80,64,0,214,52,97,70,147,142,3,69,83,55,147,48,17,0,0,5,0
ASV_25,175,0,144,149,0,99,0,65,143,116,151,210,173,59,53,71,119,73,184,37,137,78,115,86
ASV_26,454,87,317,119,91,1063,579,317,30,84,585,525,0,495,784,654,955,511,828,1173,468,845,849,970
ASV_27,39,8,7,18,119,14,9,12,13,143,130,173,157,106,207,96,4,168,0,0,0,0,5,0
ASV_28,237,0,564,155,249,175,130,143,157,49,35,4,29,22,0,73,100,0,44,0,18,0,11,0
ASV_29,104,0,53,36,0,188,71,128,0,63,0,0,83,149,2,1851,117,121,119,0,61,0,66,9
ASV_30,115,187,196,133,35,0,123,86,166,167,73,94,57,58,0,99,94,0,7,0,6,0,0,53
ASV_31,0,0,4,0,0,125,0,0,0,65,59,0,69,120,103,0,169,120,105,107,0,124,88,133
ASV_32,0,176,85,0,139,77,0,205,60,52,74,92,141,98,93,100,118,129,75,169,43,69,53,77
ASV_33,235,17,0,0,0,152,130,25,0,0,165,192,53,216,236,93,207,201,131,193,156,180,234,207
ASV_34,57,67,72,62,46,0,104,82,0,29,51,53,83,0,58,85,0,94,0,0,0,0,0,0
ASV_35,113,100,143,31,21,419,91,148,11,52,159,23,51,133,138,111,337,204,288,173,315,800,204,140
ASV_36,0,0,0,0,0,0,0,0,0,86,108,110,212,100,135,0,0,130,0,116,0,0,114,114
ASV_37,284,330,290,258,161,163,7,170,227,0,0,0,35,7,49,57,395,0,333,199,146,205,93,308
ASV_38,91,0,93,68,4,30,63,34,68,51,71,53,66,52,74,124,73,35,72,79,0,0,0,0
ASV_39,223,21,0,0,10,0,66,0,0,22,155,74,48,99,0,124,0,182,131,117,129,174,0,37
ASV_40,0,0,46,0,0,0,0,0,0,0,129,0,0,0,0,115,0,0,0,76,0,0,111,0
ASV_41,0,143,0,0,0,265,0,0,181,0,0,0,0,11,0,0,255,0,0,217,0,0,66,153
ASV_42,104,0,0,0,21,0,97,0,0,23,86,123,0,117,115,0,0,132,7,0,0,0,0,0
ASV_43,83,82,145,108,68,42,0,74,45,55,38,70,0,30,34,47,4,22,55,29,45,109,17,13
ASV_44,42,0,0,67,0,0,136,91,0,0,50,69,50,1,0,76,0,75,0,0,13,0,0,0
ASV_45,0,0,0,0,0,161,0,0,0,10,0,0,0,0,0,17,327,0,108,269,253,145,312,61
ASV_46,0,0,0,0,0,0,20,0,0,12,0,135,91,219,163,0,66,134,0,0,0,129,0,0
ASV_47,25,15,25,49,42,33,54,29,32,31,16,24,43,98,17,33,31,26,32,61,70,48,75,0
ASV_48,292,87,148,259,121,116,310,236,229,225,358,205,99,60,177,242,50,409,53,88,66,34,132,29
ASV_49,139,0,307,79,0,0,56,87,0,3,0,92,0,5,0,0,0,0,28,0,0,0,2,0
ASV_50,122,15,75,55,0,112,79,48,0,0,111,133,0,117,78,62,231,122,0,88,0,0,43,102
ASV_51,0,0,0,12,0,0,31,252,0,0,318,3,0,203,58,204,0,0,0,11,0,0,7,4
ASV_52,2,0,8,0,0,524,78,24,0,15,0,34,46,0,0,130,209,25,209,124,181,222,131,77
ASV_53,102,0,65,41,0,0,181,106,43,78,164,49,42,321,174,364,0,71,0,0,0,62,0,0
ASV_54,86,0,49,16,116,0,0,56,0,2,120,65,71,76,51,26,0,45,0,0,0,0,0,0
ASV_55,0,0,88,0,4,62,118,63,0,42,36,83,20,22,199,141,93,216,128,112,112,48,182,23
ASV_56,63,0,58,108,0,127,33,69,0,0,0,21,0,0,0,0,294,36,43,108,97,41,97,108
ASV_57,0,9,0,33,0,109,74,0,0,26,27,23,0,29,45,81,118,0,41,24,48,102,87,47
ASV_58,125,50,104,37,75,84,119,113,3,18,81,34,32,62,145,63,201,68,0,78,0,0,137,77
ASV_59,0,7,0,0,0,66,0,0,0,0,0,0,0,0,0,0,74,0,37,150,100,113,47,127
ASV_60,25,0,0,0,11,56,31,71,15,0,76,26,0,39,0,67,47,53,56,30,81,38,126,26
ASV_61,68,0,0,4,0,93,0,0,0,2,41,0,0,3,36,0,0,83,117,73,55,54,72,55
ASV_62,0,7,0,0,0,131,18,0,0,0,16,1,18,12,0,75,174,13,92,125,63,0,47,60
ASV_63,0,0,0,0,0,372,0,0,0,0,0,0,0,9,0,0,780,15,159,502,143,419,365,427
ASV_64,99,12,7,5,5,131,62,20,14,5,72,0,0,27,40,125,115,86,19,132,61,0,124,100
ASV_65,0,0,0,0,0,341,0,66,0,0,0,0,0,0,0,4,426,0,70,168,117,167,111,171
ASV_66,0,3,0,0,0,82,0,0,0,0,0,0,0,0,0,0,63,0,112,2,0,62,0,0
ASV_67,0,0,0,0,0,162,13,0,0,0,0,0,0,0,0,0,85,0,100,60,0,100,68,0
ASV_68,59,14,76,68,0,94,45,25,0,0,9,0,0,0,32,17,90,0,50,2,4,4,0,0
ASV_69,0,71,0,30,0,148,0,0,0,0,0,0,0,74,0,0,84,0,75,90,60,0,72,53
ASV_70,91,70,73,0,47,0,102,71,51,43,84,22,25,0,16,56,33,48,1,0,0,0,0,0
ASV_71,47,80,34,57,64,0,29,45,29,49,63,0,27,40,127,28,19,57,4,55,14,55,15,24
ASV_72,122,5,100,3,72,88,36,51,128,38,81,109,5,51,90,100,149,74,75,175,97,25,181,140
ASV_73,0,0,0,0,0,79,0,0,0,0,0,2,0,2,2,0,32,3,0,67,41,12,58,72
ASV_74,114,4,0,0,0,84,98,164,7,24,105,0,17,27,54,56,83,94,0,61,27,0,0,5
ASV_75,30,170,101,39,0,108,0,69,0,3,0,40,55,37,0,56,162,0,240,124,94,0,34,55
ASV_76,0,0,0,0,0,118,0,0,0,0,0,0,0,0,0,0,0,0,111,21,12,43,3,1
ASV_77,0,0,0,0,58,108,0,115,0,18,155,0,0,63,0,73,27,112,67,0,0,0,16,0
ASV_78,23,15,20,12,13,18,13,15,16,23,0,23,20,23,20,27,26,15,20,25,22,13,22,25
ASV_79,0,0,0,0,0,75,0,0,0,0,0,0,0,0,0,0,74,0,147,0,0,3,0,14
ASV_80,92,0,0,0,0,18,88,122,0,0,0,0,84,0,0,3,226,101,0,169,0,0,97,22
ASV_81,2,0,0,0,0,58,5,0,0,5,0,0,0,11,3,0,108,0,56,169,29,175,83,76
ASV_82,40,12,47,72,54,0,44,0,88,27,64,88,71,15,32,80,0,0,0,0,0,14,0,8
ASV_83,46,16,81,3,0,0,66,0,0,33,0,56,35,0,36,10,15,8,5,0,0,0,0,0
ASV_84,0,0,0,0,0,104,0,0,0,0,0,0,0,0,0,0,105,0,29,9,14,21,26,7
ASV_85,0,96,0,0,94,0,0,0,0,0,42,0,0,0,0,21,0,0,0,0,0,0,0,0
ASV_86,25,0,0,18,0,177,11,11,22,7,54,64,16,58,35,97,267,129,180,10,46,121,122,27
ASV_87,0,0,0,30,0,0,89,0,2,0,0,0,72,60,0,0,0,0,0,72,81,0,70,0
ASV_88,16,0,36,0,22,33,18,46,18,40,18,71,28,4,82,91,40,40,30,0,0,61,13,0
ASV_89,3,18,114,41,0,0,0,57,0,0,9,98,0,56,60,0,0,54,0,40,0,0,0,39
ASV_90,54,147,255,0,182,76,0,56,77,75,24,112,28,1,46,31,142,0,96,89,152,159,50,0
ASV_91,0,0,0,0,0,0,0,0,0,0,0,0,0,0,0,0,0,0,0,0,0,0,0,0
ASV_92,49,162,47,137,125,2,18,118,104,9,11,12,47,11,0,10,12,12,0,0,3,10,0,0
ASV_93,0,0,0,0,0,29,7,0,0,4,14,4,0,0,4,0,0,0,0,0,70,55,14,32
ASV_94,10,44,17,0,30,0,0,0,0,0,0,0,0,0,0,0,29,0,0,16,0,65,0,58
ASV_95,95,14,3,0,12,49,0,0,6,2,0,0,0,0,0,14,45,2,135,24,27,0,18,31
ASV_96,0,0,0,0,0,0,0,0,0,0,0,0,0,0,0,0,43,0,64,66,37,97,21,92
ASV_97,0,0,0,0,0,0,0,0,0,0,0,0,0,0,0,0,0,0,176,34,0,0,153,29
ASV_98,24,11,11,2,22,151,9,9,0,0,0,0,0,0,0,0,72,0,136,223,112,142,82,153
ASV_99,0,0,50,0,0,53,0,0,0,0,0,0,0,0,0,0,114,0,89,100,29,106,62,18
ASV_100,0,0,0,0,0,0,0,0,0,0,0,0,0,0,0,0,0,0,22,127,0,21,40,67
