Sample.Name,Group,CA,a.MCA,b.MCA,w.MCA,DCA,UDCA,HDCA,CDCA,TUDCA,TCDCA.1,TDCA,TCA,T.b.MCA,T.a.MCA,GCDCA,GDCA,LCA,GCA.2,Part
NAFLD_Cecum_1,NC,0.054204953,0.021061879,0.113746133,0.171499711,0.422409208,0.052583452,0.026459019,0.001063703,0.000201048,0.000014939,0.000492212,0,0.000549907,0.000510164,0.000779032,0.000135241,1.93819293,0,Cecum
NAFLD_Cecum_2,NC,0.054731228,0.072689997,0.10556496,0.033833738,0.181780168,0.07310038,0.003131251,0.000134602,0.000904538,0.00012431,0.000660714,0.003165686,0.000696717,0.000600348,0.000191986,0.000261335,0.023161449,0.001217975,Cecum
NAFLD_Cecum_10,NC,0.015154051,0.150134548,0.176723879,0.035763086,0.148404858,0.072617406,0.009314415,0.002481312,0.001189481,0.000575983,0.00173004,0.000627296,0.000281873,0.000973123,0.000527033,0.000357438,0.094151949,0.001132242,Cecum
NAFLD_Cecum_181,NC,0.007026713,0.00753687,0.253250817,0.105520697,0.164448245,0.025202399,0.008193737,0.001546888,0.002061822,0.000533431,0.001211285,0.01388701,0.000384263,0.000259587,0.000662239,0.001250093,0.441264973,0.00210753,Cecum
NAFLD_Cecum_182,NC,0.021560116,0.01416615,0.361602384,0.040111524,0.119448078,0.035978507,0.004308467,0.002325311,0.000183659,0.001700972,0.000190581,0.000410866,0.000076605,0.000057164,0.000330705,0.000242622,0.135412368,0,Cecum
NAFLD_Cecum_184,NC,0.279392937,0.091671346,0.221833991,0.940431965,2.197383884,0.027132313,0.038677729,0.012540433,0.001044549,0.000328025,0.000440732,0.00097301,0.0015457,0.004413944,0.00010276,0.00063373,0.097992042,0.001491252,Cecum
NAFLD_Cecum_185,NC,0.009074273,0.12741175,0.071692615,0.092908978,0.180766125,0.034580073,0.019866294,0.003753313,0.000611291,0.022074557,0.000220668,0.011773354,0.00192277,0.000116961,0.000354503,0.000286972,0.092372563,0.000662886,Cecum
NAFLD_Cecum_187,NC,0.008382999,0.005315554,0.284629084,0.004155904,0.410239178,0.040795792,0.015169022,0.003498996,0.00017467,0.00039724,0.001170603,0.001394174,0.000213232,0.006854256,0.000645141,0.000143634,0.149538383,0.000630505,Cecum
NAFLD_Cecum_11,MCD,0.027251847,0.00777257,0.037129226,0.046424852,0.127752185,0.006816562,0.014427329,0.019017037,0.000644048,0.00018935,0.000539983,0.00170794,0.000586418,0.000971458,0.000051937,0.001058451,0.009132682,0,Cecum
NAFLD_Cecum_13,MCD,0.007773191,0.030091438,0.068412466,0.011923336,0.107212447,0.021610437,0.018182709,0.01234598,0.001186428,0.000335157,0.000610675,0.000158673,0.000694729,0.001901175,0.000196419,0.000139886,0.02784948,0,Cecum
NAFLD_Cecum_18,MCD,0.006811506,0.011586551,0.078416737,0.035058634,0.017691292,0.01203074,0.006955303,0.000350845,0.011410207,0.004127648,0.001195474,0.000974925,0.000776113,0.000228463,0.000502092,0.00083968,0.082880251,0.00140586,Cecum
NAFLD_Cecum_189,MCD,0.01770566,0.021789334,0.033024607,0.030156431,0.263858794,0.00953388,0.014500375,0.006014222,0.000341731,0.002395037,0.001022545,0.001700218,0.000282624,0.001133805,0.0001168,0.00068284,0.217384359,0,Cecum
NAFLD_Cecum_A88,MCD,0.038380434,0.009593213,0.289115586,0.038778321,0.150861495,0.006967015,0.011446211,0.001361692,0.000306454,0.000260773,0.000316557,0.007311101,0.000026682,0.000128047,0.000140119,0.000387935,0.009601397,0,Cecum
NAFLD_Cecum_A96,MCD,0.05306568,0.014328174,0.058915362,0.040916638,0.142435026,0.009264294,0.003406541,0.00006371,0.001415266,0.000587092,0.001763983,0.00321713,0.000098067,0.000808061,0.000135277,0.000328836,0.065573276,0,Cecum
NAFLD_Cecum_A98,MCD,0.006109532,0.09679197,0.058538213,0.033819498,2.437011361,0.003077456,0.009463597,0.005068472,0.000947625,0.000071662,0.000587742,0.004363745,0.000247496,0.000274296,0.000103114,0.000294349,0.080197778,0,Cecum
NAFLD_Cecum_A99,MCD,0.010010618,0.110015504,0.106974753,0.020081701,0.101272021,0.000981123,0.009448326,0.002402798,0.000419304,0.000566194,0.003949467,0.021505394,0.000723924,0.001007704,0.000222501,0.000750636,0.035703034,0,Cecum
NAFLD_Cecum_21,3_5,0.022761133,0.128756362,0.070864192,0.146894825,0.631292098,0.011570693,0.030857611,0.000910204,0.001788929,0.007246551,0.001187585,0.008825196,0.000817089,0.000226237,0.000377377,0.000385085,0.559923544,0.000848115,Cecum
NAFLD_Cecum_49,3_5,0.024407654,0.310011764,0.017963653,0.359238888,0.188316806,0.031249795,0.017951182,0.000778355,0.000392778,0.003383901,0.001458266,0.004258766,0.000083516,0.000601604,0.000922213,0.000241014,0.438522518,0,Cecum
NAFLD_Cecum_22,3_5,0.010481277,0.207284239,0.448793723,0.031874863,0.415672699,0.162932102,0.042882639,0.012250872,0.000416828,0.003213264,0.001729294,0.000728893,0.000929275,0.000153747,0.00035618,0.000592618,0.063220659,0,Cecum
NAFLD_Cecum_23,3_5,0.021209933,0.101851097,0.195412347,0.529356059,0.174916155,0.01074805,0.041836195,0.028170305,0.001152756,0.002758968,0.001293585,0.018195627,0.000766457,0.00053582,0.000159059,0.000175777,0.331049313,0,Cecum
NAFLD_Cecum_50,3_5,0.016515448,0.071205162,0.020852431,0.003730888,0.120026535,0.004559046,0.04280396,0.005137341,0.000243711,0.001234646,0.003813832,0.003002061,0.000380371,0.000754848,0.000469743,0.000221716,0.013635344,0.002661184,Cecum
NAFLD_Cecum_24,3_5,0.007780318,0.219570294,1.31330864,0.379181171,1.07141784,0.021637404,0.038925875,0.009384733,0.000446231,0.000122796,0.007445699,0.009956116,0.000668858,0.000221815,0.000201005,0.000417688,0.089727394,0.000638562,Cecum
NAFLD_Cecum_194,3_5,0.114279547,0.020505619,0.197674741,0.137206823,1.747266327,0.012163007,0.009558922,0.054837456,0.000361037,0.000293697,0.00061438,0.016027651,0.000641091,0.00097176,0.000217141,0.000429229,0.022723384,0,Cecum
NAFLD_Cecum_48,3_5,0.010600115,0.033564951,0.021906757,0.105379382,0.034240167,0.03298928,0.002622152,0.00219967,0.001126664,0.000550272,0.006139812,0.004346725,0.000096983,0.001033931,0.000205884,0.000756443,0.094773045,0.000442443,Cecum
NAFLD_Feces_1,NC,0.024963787,6.752076796,1.279919236,4.123454658,2.900037647,0.015079552,0.174493037,0.497599546,0.05360789,0.027784223,0.010337126,0.084789958,0.054059057,0.010505537,0.000999876,0.001000501,0.524660067,0.004761581,Feces
NAFLD_Feces_2,NC,0.277192839,0.283131787,0.366354909,0.651118513,3.354568957,0.028556244,0.123064212,0.018972919,0.004869145,0.007418231,0.019756187,0.028780854,0.168309944,0.10265946,0.000261828,0.000280449,0.149445729,0.000323914,Feces
NAFLD_Feces_10,NC,0.111230261,5.534302037,1.143723733,2.638312091,2.969887077,0.231490366,0.517919351,0.927479778,0,0.00463633,0.037129549,0.030532616,0.015316453,0.303147583,0.000440612,0.000424048,0.108288279,0.002886503,Feces
NAFLD_Feces_181,NC,0.157181908,2.315047625,2.172546492,1.827130989,1.169862068,0.007182776,0.223888915,0.048872748,0,0.050731863,0.000926215,0.062419899,0.001584203,1.735297353,0.00058365,0.00066104,0.045408257,0.00335024,Feces
NAFLD_Feces_182,NC,0.358013666,0.193783523,0.209479274,0.125411551,3.579585369,0.040042873,0.141859935,0.115493703,0.021696971,0.031397472,0.026884984,0.134870961,0.186052414,0.31540499,0.001029024,0,0.535307399,0.000786278,Feces
NAFLD_Feces_184,NC,0.041425866,2.946365504,4.095221138,7.586932814,0.893513102,0.101965856,0.164774938,0.01553957,0.026830734,0.002291956,0.003458874,0.081553472,0.001525226,0.035164189,0.000049978,0.000212447,2.215790243,0.001964762,Feces
NAFLD_Feces_185,NC,0.06056082,0.369389269,2.088659689,0.446717855,3.090833751,0.006596531,0.351003494,0.178293637,0.008718068,0.006215367,0.013444951,0.120699625,0.001759832,0.088242025,0.00153132,0.001363019,0.542265795,0.023782623,Feces
NAFLD_Feces_187,NC,0.175129474,1.062366267,1.444773617,4.280203118,0.752346379,0.021092599,0.046023592,0.042057126,0.052655275,0.003504345,0.004408722,0.080070247,0.002839611,0.099435221,0.000903719,0,1.263136045,0.002478942,Feces
NAFLD_Feces_11,MCD,0.209465138,1.245394318,3.340016812,0.330797458,10.15466441,0.096670411,0.091730348,0.152993467,0.001679141,0.010686275,0.011367764,0.013627948,0.282867574,0.022309418,0.000043717,0.000442827,0.880854113,0.001042357,Feces
NAFLD_Feces_13,MCD,0.060379926,0.588518524,4.043867653,1.829584073,1.073522902,0.143424083,0.24250869,0.018559413,0.058478897,0.00589399,0.003833684,0.001549445,0.01184967,0.043143839,0,0.001624563,1.604786974,0.003934231,Feces
NAFLD_Feces_18,MCD,0.23684062,0.48100077,19.60445243,2.3891336,1.058377448,0.220531439,0.489784652,0.229249185,0.011315535,0.006075876,0.013553274,0.001635017,0.01367998,0.154571433,0.00514915,0.000523584,0.811345438,0.007501615,Feces
NAFLD_Feces_189,MCD,0.022589025,1.198927163,5.360243691,0.131073274,5.552343337,0.075635872,0.152128008,0.027851885,0.122836651,0,0.003474104,0.013835136,0.008979378,0.182434567,0.000721615,0,8.892188504,0.001234418,Feces
NAFLD_Feces_A88,MCD,0.168491199,0.884262196,2.851131133,1.557641978,20.10132374,0.10635589,0.049147236,0.045800239,0,0.003075637,0.01223488,0.009508427,0.010254287,0.025751767,0.000160502,0,4.211857346,0.000930486,Feces
NAFLD_Feces_A96,MCD,0.065615181,0.499199711,2.874729865,0.566070192,0.693564204,0.032293302,0.12035334,0.262865294,0.002148557,0.005538518,0.038124563,0.03923346,0.022312827,0.074887553,0.000183473,0.00098665,0.057371945,0.005434626,Feces
NAFLD_Feces_A98,MCD,0.260422135,1.178940842,23.34677101,1.80304935,1.178663012,0.134084491,1.163410912,0.014909053,0,0.005479326,0.001303818,0.030766366,0.012519572,0.03549954,0.000492673,0.001335865,1.348564274,0.000955091,Feces
NAFLD_Feces_A99,MCD,0.97468573,1.211122494,4.975795324,0.475967195,3.705694351,0.080405035,0.285699836,0.009972086,0.003445965,0.021867698,0.020965887,0.04276449,0.00260466,0.103554535,0.000471484,0.000367819,0.698664703,0.004190461,Feces
NAFLD_Feces_21,3_5,0.158860001,3.884673096,5.097668941,0.778382002,3.09701589,0.27186602,0.179349911,0.059455944,0.012201214,0,0.022302265,0.033686893,0.307068171,1.315149522,0.001753228,0,1.03471955,0.003497792,Feces
NAFLD_Feces_49,3_5,0.064390771,2.570848073,0.433774309,6.215407891,2.114842606,0.034900511,0.113334096,0.17348335,0.019437702,0,0.043389835,0.131807875,0.023793717,0.003505831,0.000715087,0.000496183,0.837200714,0.002967703,Feces
NAFLD_Feces_22,3_5,0.54725625,6.515117256,14.01333465,2.348545484,0.939102495,0.195091039,0.247493007,1.261739935,0.007919619,0.009702668,0.004051391,0.052700144,0.167799791,0.310255273,0.000040907,0.002646302,0.423601544,0.002021137,Feces
NAFLD_Feces_23,3_5,0.101541325,4.335505716,2.638687394,0.846285307,10.70622501,0.126768614,0.336901367,0.366176875,0.047761258,0.012980254,0.028692311,0.022497795,0.026596424,0.046600578,0.000090613,0.007072798,0.154437984,0.000964107,Feces
NAFLD_Feces_50,3_5,0.039994366,0.08796411,8.399919019,4.899962693,25.17630963,0.078440794,0.170295518,0.236332116,0.004589822,0.064821691,0.002369899,0.006705935,0.024309691,0.026975983,0.001011012,0.005524601,0.083273551,0.002188007,Feces
NAFLD_Feces_24,3_5,0.944607599,1.300966543,8.871287463,0.31549669,25.17630963,0.15010138,0.345103129,1.513848463,0.004026391,0.002962956,0.219841834,0.002769752,0.015567921,0.326861299,0.000053666,0.00215222,1.533452325,0.000991082,Feces
NAFLD_Feces_194,3_5,0.58694092,2.4198192,2.239936745,2.546471193,0.288910264,0.222541254,0.492223808,1.836042764,0.012708777,0.071377277,0.041536285,0.125846532,0.133567116,0.134026982,0.000441778,0,9.229816066,0.002714901,Feces
NAFLD_Feces_48,3_5,0.070892616,4.618392789,5.866537858,5.322783107,4.420608254,0.026683755,0.420240629,0.160366152,0.006291966,0.025909117,0.082518592,0.005383446,0.008239583,0.09831353,0.000270293,0.001685615,2.134807766,0.001537691,Feces
NAFLD_ILEUM_1,NC,0.392961026,0.142003166,0.064047775,0.077627753,0,0.027414036,0.056004581,0,0.003913474,0.028803656,0.015780636,0.959038107,0.759023297,0.075691726,0.01692534,0.011692715,0.022867066,0.006230675,ILEUM
NAFLD_ILEUM_2,NC,1.03129739,0.016524962,0.223270029,0.007487104,0.026141773,0.012298149,0.0060855,0,0.033240243,0.01113949,0.074043639,0.357128744,0.740453387,0.004754519,0.003436726,0.007249808,0.054392585,0.085771243,ILEUM
NAFLD_ILEUM_10,NC,0.961494595,0.094878854,1.348132859,0.152472213,0.192927376,0.244868764,0.029233417,0,0.031248536,0.065681649,0.036121683,0.439474901,0.130565201,0.153957964,0.023951384,0.008996433,0,0.01447118,ILEUM
NAFLD_ILEUM_181,NC,0.261981972,0.066719336,2.617727014,0.017431843,0.013123063,0.040927093,0.026127291,0,0.113008611,0.002168716,0.017574402,0.122138424,0.132472565,0.153460624,0.006100486,0.007274751,0.445180614,0,ILEUM
NAFLD_ILEUM_182,NC,1.455578152,0.656189518,0.34259103,0.022901636,0,0.004263303,0.001636502,0,0.016438874,0.024963856,0.099119137,0.134491805,3.819779054,0.215440973,0.012545444,0.006425581,0,0.006408446,ILEUM
NAFLD_ILEUM_184,NC,0.897607467,0.315935294,1.871167659,0.035871791,0.115944598,0.07978739,0.009803875,0,0.028149808,0.012007728,0.043184063,0.725852178,0.050185719,0.005227743,0.020111498,0.00785563,0.030794254,0.007703985,ILEUM
NAFLD_ILEUM_185,NC,0.198664035,0.095774668,0.457199949,0.185639614,0,0.064867999,0.006477277,0,0.031043175,0.012551894,0.040058252,0.180817362,0.602535975,0.467232112,0.003825583,0.004782602,0.180752317,0,ILEUM
NAFLD_ILEUM_187,NC,1.250978911,0.263977097,0.564524066,0.230339626,0.293426126,0.024306482,0.000682983,0,0.131668701,0.011820387,0.111183376,0.049770181,0.050639311,0.249764991,0.005214065,0.002534492,0,0.006394869,ILEUM
NAFLD_ILEUM_11,MCD,1.644456931,0.040432877,0.503071163,0.013217363,0.147223434,0,0.003613925,0,0.005671195,0.022161953,0.092598125,0.875011406,0.421629942,0.027747032,0.007606809,0,0.009301505,0,ILEUM
NAFLD_ILEUM_13,MCD,0.517844437,0,0.3148289,0.277482553,0.137161163,0.030317284,0.001637395,0,0.05727888,0.139885183,0.024645142,1.97741148,0.224761466,0.037969389,0.007603277,0.003430791,0,0,ILEUM
NAFLD_ILEUM_18,MCD,0.396377168,0.081115929,0.101296832,0.019300651,0.019699782,0,0.012401883,0,1.609473599,0.013913802,0.174498443,3.027268835,0.326203505,0.557632344,0.013060222,0.004642006,0.029845663,0.015771483,ILEUM
NAFLD_ILEUM_189,MCD,0.698521715,0.095948497,0.452333487,0.007064624,0.008389418,0,0.005970729,0.005566614,0.782034447,0.156943243,0.115061032,5.672559847,0.274929313,0.614970589,0.007682864,0,0,0,ILEUM
NAFLD_ILEUM_A88,MCD,0.13561498,0.030876932,0.10431915,0.01173251,0.018836751,0,0.013381413,0,0.159073048,0.056478488,0.038518334,0.361789357,0.353219452,1.037216314,0.014943195,0.002933792,0,0,ILEUM
NAFLD_ILEUM_A96,MCD,0.183009114,0.044017192,0.483395143,0.006733949,0.006922636,0,0.001134154,0.013995354,0.130953514,0.035481331,0.041152858,0.171122199,0.164445625,0.03792213,0.003357391,0,0.027088985,0,ILEUM
NAFLD_ILEUM_A98,MCD,0.052537057,0.014364993,0.064784544,0.037174515,0.009352681,0.012395096,0.035197601,0.013028235,0.02389586,0.01726393,0.09917593,0.204725472,0.185935744,0.326070141,0.014049997,0,0,0,ILEUM
NAFLD_ILEUM_A99,MCD,0.045791268,0.015337043,0.021879018,0.09335805,0.177758301,0.009501417,0.020017853,0,0.01977669,0.025951575,0.055071121,0.931071586,0.109013215,0.039138805,0.017075437,0.002705336,0.034345347,0,ILEUM
NAFLD_ILEUM_21,3_5,0.303029416,0.164220648,0.142773571,0.024796914,0.012122089,0.038587285,0.065799959,0.312712242,0.024300013,0.012940323,0.367238808,0.352434485,0.063594768,0.36996069,0.023846327,0,0.09919087,0,ILEUM
NAFLD_ILEUM_49,3_5,0.10063897,0.022478443,0.121783245,0.031889842,0.169149172,0,0.03718605,0.008390183,0.043582402,0.017134112,1.365858291,10.25307579,0.648595399,0.056911001,0.002559043,0,0.904632639,0,ILEUM
NAFLD_ILEUM_22,3_5,1.400443597,0.061167803,0.207670438,0.048877203,0.027202719,0,0.004013776,0,0.123672747,1.257111541,0.819862282,0.350194574,0.113893837,0.087411704,0.006417205,0,0.3259521,0.002604951,ILEUM
NAFLD_ILEUM_23,3_5,0.072358905,0.0172509,0.333067865,0.555379208,0.010693065,0,0.005762152,0,0.049603143,0.318443218,0.011977392,2.546421068,0.092898366,0.421967912,0.014890946,0,0.003424653,0,ILEUM
NAFLD_ILEUM_50,3_5,0.111999907,0,0.095050354,0.020456327,0.049779323,0,0.003655254,0,0.213497914,0.542216882,0.61672064,4.639564636,0.052506954,0.62434395,0.015965109,0,0.084429411,0.010087251,ILEUM
NAFLD_ILEUM_24,3_5,0.133708836,0.03785251,0.289471621,0.344966655,0.00695876,0,0.007606224,0,0.103052508,0.184457187,0.221668344,0.016876629,0.562840553,1.295476761,0.004206787,0,0,0.004088223,ILEUM
NAFLD_ILEUM_194,3_5,0.172949505,0.184703799,0.046759339,0.143132175,0.007953667,0,0.007705435,0,0.005411006,0.011789034,0.412010507,4.287778907,0.567340961,0.329991023,0.018707871,0,0,0,ILEUM
NAFLD_ILEUM_48,3_5,0.115628105,0.152539368,0.331895058,0.064075019,0.088690482,0,0.002581664,0.005809783,0.04752307,0.113369483,0.332203258,1.223452136,0.268992044,0.459008604,0.025265943,0,0.408732283,0,ILEUM
NAFLD_Liver_1,NC,0.035703865,0.120355328,4.680535746,0.086065431,0.012104018,0.006838908,0.004562628,0.010913054,1.499350842,0.219682212,0.077100318,1.663892387,0.520601992,0.147566428,0.001222338,0.000378077,0,0.004249038,Liver
NAFLD_Liver_2,NC,0.533713276,0.057446584,0.60904531,0.151421132,0.005539919,0.004250374,0.11647345,0.014881639,0.063944084,0.028295516,1.365858291,4.098078577,0.935591584,0.035783516,0.005496574,0.001005019,0.003687447,0.004321873,Liver
NAFLD_Liver_10,NC,0.667796522,0.007922771,0.296932699,0.150544107,0.023183913,0.023633877,0.009335214,0.001185529,0.098336459,0.366981171,0.004327799,0.277375146,3.819779054,0.036052212,0.000205524,0.002975963,0.003818322,0.002570956,Liver
NAFLD_Liver_181,NC,0.048958142,0.70920988,0.250661654,0.053347907,0.014157318,0.025160205,0.169593859,0.002884638,0.161841167,0.237211791,0.049540848,1.635422288,0.155857951,0.892026423,0.00066216,0.00357337,0.024094495,0.004181852,Liver
NAFLD_Liver_182,NC,0.095367241,0.055886043,1.255324605,0.021440154,0.016469111,0.018451475,0.017506649,0,0.35660372,1.12284089,0.097365502,8.11067753,0.856891972,0.478690791,0.003649475,0.000174254,0.005216844,0.002366653,Liver
NAFLD_Liver_184,NC,0.034001586,0.101229683,3.936567587,0.01944056,0.00983395,0.013545862,0.22505548,0.006932577,1.852269145,0.272093848,0.255369623,0.213469593,0.123217122,0.743191309,0,0.004140769,0.004187121,0.003171911,Liver
NAFLD_Liver_185,NC,0.355466413,0.027759794,0.212288817,0.362944137,0.012581441,0.004155989,0.056105837,0.005106424,0.109792444,0.099782958,0.047325209,0.28397595,1.189239634,0.409651111,0.00191252,0.000847474,0.004908178,0.000444352,Liver
NAFLD_Liver_187,NC,0.160066177,0.126567514,0.201032889,0.246460272,0,0.019114256,0.055796293,0.010224756,0.346595245,0.031082854,0.371736241,2.080985544,0.092195972,1.735297353,0.001434233,0.00778354,0.010051922,0.001890349,Liver
NAFLD_Liver_11,MCD,0.267932165,0.029115814,0.326153987,0.087677663,0.006270479,0.012277653,0.013104561,0.02094913,0.502581118,1.417626701,0.008020699,0.931006776,2.275449462,0.710702317,0.000284639,0.000313142,0.000252186,0.006870222,Liver
NAFLD_Liver_13,MCD,0.10437034,0.028152507,0.356506359,0.028467866,0.129337094,0.017967283,0.009146597,0,1.369528621,0.816060253,1.156914788,1.354553363,0.084847905,0.271066316,0.001724353,0.000421088,0.002979954,0.01199786,Liver
NAFLD_Liver_18,MCD,0.07350972,0.161829247,0.122752574,0.119139598,0.058167025,0.009283556,0.001596136,0.00711951,0.371288538,0.147239797,0.403055895,0.65314045,0.700181391,0.729689203,0.001193084,0.000250098,0.000064348,0.001944606,Liver
NAFLD_Liver_189,MCD,0.02620245,0.197953168,0.888304279,0.037906609,0.031131211,0.006904816,0.006070931,0.009859453,1.382098641,0.03958734,0.833892571,3.698328162,0.47229218,0.726426613,0.000599128,0.000492663,0.000190288,0.002365154,Liver
NAFLD_Liver_A88,MCD,0.058183929,0.010447607,1.187509374,0.046373923,0.0041793,0.023413712,0.041478456,0,0.14365669,0.336889105,0.154816788,0.445413908,0.668930032,0.893931656,0.00089104,0.000251442,0.002823869,0,Liver
NAFLD_Liver_A96,MCD,0.084906469,0.041032886,0.231739737,0.028211333,0.038406637,0.009911504,0.014272549,0.004900011,1.203638143,0.139681596,0.388136309,7.204110828,0.059732456,0.164768201,0.000187036,0.000318609,0.00210151,0.00342667,Liver
NAFLD_Liver_A98,MCD,0.040304599,0.04615922,0.299386816,0.012451664,0.042873647,0.003415756,0.001071641,0.00384181,0.144194991,0.342271832,0.169787162,5.876733076,0.983479194,0.123278392,0.000590473,0.000386192,0.001984561,0.002552384,Liver
NAFLD_Liver_A99,MCD,0.068846949,0.392707443,0.091659081,0.255217271,0.308181697,0.013409336,0.002734109,0.059190169,0.471809782,0.031271712,0.234032001,10.25307579,3.819779054,0.151054526,0.000107337,0.000500219,0.000480253,0.018177886,Liver
NAFLD_Liver_21,3_5,0.071489418,0.910212738,1.793667208,0.039479309,0,0.008516726,0.011357331,0.153160199,0.049811502,0.17452105,0.210632628,10.25307579,0.093461145,0.080056602,0,0,0.000542176,0,Liver
NAFLD_Liver_49,3_5,0.032037027,0.022051243,0.279790145,0.026012272,0.183271422,0.02109377,0.010716836,0,0.168264271,0.041319856,0.111815394,0.10543999,2.084877385,0.352414128,0.00024624,0,0.043697593,0.003648134,Liver
NAFLD_Liver_22,3_5,0.04389305,0.038949739,1.26144507,0.027909059,0.006632263,0.00980141,0.006539228,0,0.575483538,1.491498307,0.176210688,0.230719409,0.17269525,0.212602011,0,0.004546582,0.029823661,0.003878114,Liver
NAFLD_Liver_23,3_5,0.064773212,0.052177476,0.192989521,0.030090206,0.306138547,0.003504202,0.018598249,0.002317366,1.017750989,0.487861802,0.269067757,1.051369442,1.476355529,0.308405013,0.002694668,0.001050864,0.000613577,0,Liver
NAFLD_Liver_50,3_5,0.031293513,0.052825823,1.001115601,0.097379437,0.177768232,0.007291513,0.009468856,0.003794239,0.055827771,0.486483219,0.181657901,0.636520999,0.230447784,0.225312517,0.000629945,0,0.003987118,0,Liver
NAFLD_Liver_24,3_5,0.033622768,0.216853813,0.831485199,0.013684425,0.054157159,0,0.008614922,0.011935543,0.232803441,1.227136073,0.127848369,1.798256502,0.113813631,0.080915848,0.00144777,0.000333929,0.008746508,0.004708159,Liver
NAFLD_Liver_194,3_5,0.098288544,0.06600866,0.15484406,0.013189054,0.002737678,0.009908219,0.007040088,0,0.217183907,0.412025256,1.365858291,2.772570453,0.094288192,0.160128881,0.000557366,0.001282124,0.000995281,0.00326299,Liver
NAFLD_Liver_48,3_5,0.043633832,0.244062322,0.694979154,0.136258998,0,0.035691297,0.023191796,0,1.923800249,0.363789341,0.024020342,0.690712829,0.010258926,0.160796904,0.0012698,0.000206186,0.011032789,0,Liver
NAFLD_Plasma_1,NC,0.28514761,0.1595156,0.387796967,0.072111241,0.100576453,0.027736192,0.025332852,0.113420204,0.062872528,0.048192473,0.132973412,0.235100951,0.038922798,0.214336728,0.00124927,0.000710468,0,0.003258442,Plasma
NAFLD_Plasma_2,NC,0.127670733,0.123680689,0.519103822,2.258975406,0.07328272,0.060136297,0.02488493,0.006927643,0.056140256,0.146188661,0.008714259,0.041227098,0.538987223,0.653122063,0.000705681,0.000229104,0.011412587,0.00479359,Plasma
NAFLD_Plasma_10,NC,0.333367624,0.013702283,0.303931501,0.198767667,0.532733418,0.049344994,0.068047442,0.114657363,0.066253522,0.002411815,0.011600313,0.177084847,0.110836257,0.103389333,0.000498504,0.00191397,0.002952158,0.008259626,Plasma
NAFLD_Plasma_181,NC,0.422472504,0.033689298,0.599334057,0.160082359,0.663133378,0.011366242,0.010317981,0.024141749,0.135344739,0.022166982,0.01691876,0.099684098,0.431434274,0.027243202,0.001479824,0.000062714,0,0.002613846,Plasma
NAFLD_Plasma_182,NC,0.597338508,0.014317135,0.405609692,0.109546322,0.389512307,0.020808676,0.031937791,0.052726132,0.039909043,0.01142739,0.024450233,0.192735898,0.132154187,0.445956336,0.000552155,0.000340952,0.0066978,0.012073611,Plasma
NAFLD_Plasma_184,NC,0.101914199,0.103062802,0.429930881,0.198099934,0.022188232,0.01716603,0.049673202,0.018865246,0.019042097,0.043163487,0.246319552,0.225148773,0.277787998,0.133791067,0.000294566,0.000366756,0.00256231,0.002958986,Plasma
NAFLD_Plasma_185,NC,0.590854432,0.767509326,0.099915051,0.307325875,0.225506736,0.233763502,0.025112161,0.017781012,0.010670544,0.017509494,0.053982097,0.779656457,0.041132213,0.64268629,0.000372141,0.000776697,0.000693267,0.006617786,Plasma
NAFLD_Plasma_187,NC,0.459107541,0.013518064,0.36782276,0.378434599,0.215576725,0.068644935,0.000761505,0.015716909,0.199809942,0.029899807,0.319843802,0.170046835,0.118208802,1.228034664,0.000744137,0.0000398,0,0.006244717,Plasma
NAFLD_Plasma_11,MCD,1.030941614,0.022914048,2.048967853,0.264677387,0.677798465,0.045687348,0.061252531,0.057572144,0.074325223,0.018523716,0.060503584,3.668141261,0.266624666,0.434528747,0.002341049,0.000389781,0.000966753,0.003694461,Plasma
NAFLD_Plasma_13,MCD,1.387779707,0.033665912,2.608306742,0.09263149,2.152213027,0.020665947,0.076717718,0.00742999,0.023766125,0.050616474,0.245400008,0.095488699,0.162616879,1.735297353,0.000052307,0.000239215,0.001698069,0.000414496,Plasma
NAFLD_Plasma_18,MCD,0.228603486,0.158925731,0.674677143,0.787889996,0.313482075,0.00940064,0.036973264,0.033409528,0.079269905,0.020162532,0.238509453,0.100732414,0.013290485,0.048838071,0.000654048,0.00019249,0.001623271,0.001908872,Plasma
NAFLD_Plasma_189,MCD,0.129400095,0.648519975,1.191617926,1.828827565,0.557799213,0.044439351,0.004094724,0.000770435,0.110190361,0.094116202,1.28797865,0.164366964,0.09331821,0.655548452,0.000528373,0.000477566,0.007458028,0.003800349,Plasma
NAFLD_Plasma_A88,MCD,0.7223261,0.056863839,1.700451675,0.252594965,0.264411554,0.017063543,0.091767399,0.022396818,0.071184232,0.077222673,0.039531303,0.375424204,0.105428097,0.192702399,0.00025171,0.000724285,0.003805944,0.004411612,Plasma
NAFLD_Plasma_A96,MCD,0.157145209,0.089211204,0.469539986,0.362801812,0.112838861,0.04277901,0.028968377,0.092590088,0.040737889,0.044547138,0.065269227,0.386392697,0.14810894,0.13439856,0.00121495,0.001073262,0.000260027,0.000995234,Plasma
NAFLD_Plasma_A98,MCD,0.264735205,0.019161674,0.850716985,0.089760509,0.09253106,0.010859358,0.032465881,0.037253023,0.017509103,0.344286297,0.14022233,0.056933449,0.055796679,0.841897263,0.002985635,0.002857829,0.001065145,0.00711234,Plasma
NAFLD_Plasma_A99,MCD,0.058668283,0.063267248,0.456962025,0.150913474,0.213348881,0.02787796,0.02542158,0.092151686,0.388405654,0.127214229,0.038180086,0.186098361,0.104843815,1.180615234,0.001215444,0.001892308,0.001980262,0.002282562,Plasma
NAFLD_Plasma_21,3_5,0.759720495,0.002027429,2.404837727,0.026613722,0.257351411,0.056437925,0.006063026,0.007980294,0.049893178,0.011954461,0.092740089,1.419257219,0.087326513,0.578218379,0.002213447,0.00075781,0.003648399,0.003562413,Plasma
NAFLD_Plasma_49,3_5,0.378470784,0.060319874,0.7362429,0.010462572,0.286986457,0.077746637,0.05144694,0.164818004,0.069450272,0.002848614,0.044609305,0.127063154,0.486741011,0.099574628,0.002462584,0.000378359,0.000915883,0.010676048,Plasma
NAFLD_Plasma_22,3_5,0.890462293,0.013047496,0.311968914,0.038493027,0.449450622,0.001649603,0.035659505,0.021489937,0.067601131,0.055317425,0.121739453,0.011848893,0.099728551,1.735297353,0.000642523,0.001700559,0.002774293,0.003752345,Plasma
NAFLD_Plasma_23,3_5,0.003504869,0.007045503,0.269411675,0.050423293,0.1133543,0.006153999,0.066095103,0.026003403,0.032097254,0.012988387,0.024535239,0.35833039,0.093546546,0.155538868,0.000386894,0.000353833,0.000148435,0.001143271,Plasma
NAFLD_Plasma_50,3_5,0.018350726,0.274941807,0.028526749,0.129096974,0.080175442,0.003135892,0.993171525,0.005549711,0.016733072,0.041010935,0.688327336,0.041202132,0.438373311,0.054128925,0.002001468,0.000328253,0.001776419,0.003389272,Plasma
NAFLD_Plasma_24,3_5,0.089957816,0.013351853,0.087339746,0.028125225,0.123902442,0.007809337,0.666755097,0.010365459,0.032319109,0.056689456,0.016602149,0.163820272,0.101292201,0.055031246,0.000561324,0.000391502,0.00046095,0.003386598,Plasma
NAFLD_Plasma_194,3_5,0.020183021,0.019967908,0.02308881,0.169558593,0.121939637,0.131522191,0.00059149,0.007589181,0.729558975,0.023380076,0.03270485,1.238221918,0.337648776,0.261354768,0.000322965,0.000189744,0.015307096,0.003134782,Plasma
NAFLD_Plasma_48,3_5,0.018616651,0.169599211,0.206150248,0.062335826,0.378009941,0.005453365,0.014444749,0.001518996,0.124787283,0.040214738,0.078459077,0.117302055,0.178473141,0.031042693,0.000314348,0.000467802,0.001625633,0.001333075,Plasma
